/*
SQLyog Ultimate v11.11 (64 bit)
MySQL - 5.6.25 : Database - friends_car_rental
*********************************************************************
*/

/*!40101 SET NAMES utf8 */;

/*!40101 SET SQL_MODE=''*/;

/*!40014 SET @OLD_UNIQUE_CHECKS=@@UNIQUE_CHECKS, UNIQUE_CHECKS=0 */;
/*!40014 SET @OLD_FOREIGN_KEY_CHECKS=@@FOREIGN_KEY_CHECKS, FOREIGN_KEY_CHECKS=0 */;
/*!40101 SET @OLD_SQL_MODE=@@SQL_MODE, SQL_MODE='NO_AUTO_VALUE_ON_ZERO' */;
/*!40111 SET @OLD_SQL_NOTES=@@SQL_NOTES, SQL_NOTES=0 */;
CREATE DATABASE /*!32312 IF NOT EXISTS*/`friends_car_rental` /*!40100 DEFAULT CHARACTER SET latin1 */;

USE `friends_car_rental`;

/*Table structure for table `accessories` */

DROP TABLE IF EXISTS `accessories`;

CREATE TABLE `accessories` (
  `id` int(10) unsigned NOT NULL AUTO_INCREMENT,
  `name` varchar(50) DEFAULT NULL,
  `description` varchar(500) DEFAULT NULL,
  `img_url` varchar(500) DEFAULT NULL,
  `price` double(8,2) DEFAULT NULL,
  `availability` tinyint(3) unsigned NOT NULL DEFAULT '1' COMMENT '1=trackable, 2=one unit, 3=seat related, 4=unlimited',
  `one_time_fee` tinyint(1) unsigned NOT NULL DEFAULT '1' COMMENT '0=charged daily 1=charged once',
  `created_at` datetime DEFAULT NULL,
  `active` tinyint(1) unsigned NOT NULL DEFAULT '1',
  `deleted` tinyint(1) unsigned NOT NULL DEFAULT '0',
  PRIMARY KEY (`id`)
) ENGINE=InnoDB AUTO_INCREMENT=15 DEFAULT CHARSET=latin1;

/*Data for the table `accessories` */

insert  into `accessories`(`id`,`name`,`description`,`img_url`,`price`,`availability`,`one_time_fee`,`created_at`,`active`,`deleted`) values (7,'Additional Driver','','RTbaB1461075222.png',12.00,3,0,'2015-12-03 14:49:27',1,0),(8,'Child booster seat','For children 8-12 years(CBS)','IpOT11454509614.jpg',10.00,1,0,'2015-12-03 14:51:16',1,0),(9,'Infant safety seat','Infant safety seats protect children. ','wsmNn1454509701.jpg',12.00,1,0,'2015-12-03 16:34:08',1,0),(10,'Cross border fee','qwreeriotity','M6Lyz1454509724.jpg',12.00,2,1,'2015-12-03 16:39:58',1,0),(11,'Toddler safety seat Toddler safety seat Toddler sa','Infant safety seats protect children. Infant safety seats protect children. Infant safety seats protect children. Infant safety seats protect children. Infant safety seats protect children. ','fGB2H1454509744.jpg',12.00,1,0,'2015-12-03 16:45:25',1,0),(12,'Child safety seat','For children 8-12 years(CBS)','4Hb5V1454509800.jpg',12.00,1,0,'2015-12-03 16:47:01',1,0),(13,'Winter snow tires for five to six people(1 set)','To handle the challenges of driving. ','qGElk1454509824.jpg',5.00,2,0,'2015-12-03 16:48:59',1,0),(14,'Navigational system','Stay on the right track book a GPS! Stay on the right track book a GPS! Stay on the right track book a GPS! Stay on the right track book a GPS! Stay on the right track book a GPS! ','QiZvi1454509846.jpg',10.00,1,0,'2015-12-03 16:50:00',1,0);

/*Table structure for table `accessory_availability` */

DROP TABLE IF EXISTS `accessory_availability`;

CREATE TABLE `accessory_availability` (
  `id` tinyint(3) unsigned NOT NULL AUTO_INCREMENT,
  `name` varchar(200) DEFAULT NULL,
  PRIMARY KEY (`id`)
) ENGINE=InnoDB AUTO_INCREMENT=4 DEFAULT CHARSET=latin1;

/*Data for the table `accessory_availability` */

insert  into `accessory_availability`(`id`,`name`) values (1,'Trackable, limited by Reservations'),(2,'Single Unit, non-trackable'),(3,'Multi non-trackable');

/*Table structure for table `accessory_reservations` */

DROP TABLE IF EXISTS `accessory_reservations`;

CREATE TABLE `accessory_reservations` (
  `id` int(10) unsigned NOT NULL AUTO_INCREMENT,
  `id_reservation` int(10) unsigned NOT NULL,
  `id_accessory` int(10) unsigned NOT NULL,
  `pickup_datetime` datetime DEFAULT NULL,
  `return_datetime` datetime DEFAULT NULL,
  `deleted` tinyint(1) unsigned NOT NULL DEFAULT '0',
  PRIMARY KEY (`id`)
) ENGINE=InnoDB DEFAULT CHARSET=latin1;

/*Data for the table `accessory_reservations` */

/*Table structure for table `address` */

DROP TABLE IF EXISTS `address`;

CREATE TABLE `address` (
  `id` int(10) unsigned NOT NULL AUTO_INCREMENT,
  `id_driver` int(10) unsigned DEFAULT NULL,
  `type_home` tinyint(1) unsigned NOT NULL DEFAULT '1' COMMENT '0=professionale 1=home',
  `firstname` varchar(50) DEFAULT NULL,
  `lastname` varchar(100) DEFAULT NULL,
  `address` varchar(500) DEFAULT NULL,
  `zip_code` varchar(20) DEFAULT NULL,
  `city` varchar(100) DEFAULT NULL,
  `id_country` int(10) unsigned DEFAULT NULL,
  `phone_1` varchar(50) DEFAULT NULL,
  `phone_2` varchar(50) DEFAULT NULL,
  `created_at` datetime DEFAULT NULL,
  `deleted` tinyint(1) DEFAULT '0',
  PRIMARY KEY (`id`)
) ENGINE=InnoDB AUTO_INCREMENT=14 DEFAULT CHARSET=latin1;

/*Data for the table `address` */

insert  into `address`(`id`,`id_driver`,`type_home`,`firstname`,`lastname`,`address`,`zip_code`,`city`,`id_country`,`phone_1`,`phone_2`,`created_at`,`deleted`) values (1,7,1,'Seven7','Eleven','main st','39440','Elbasan',6,'29340234903294','','2016-02-19 12:01:29',0),(2,8,1,'Shate','Tete','main st','39440','Elbasan',1,'29340234903294','','2016-02-19 12:11:00',0),(3,12,1,'Fifteen','Twenty','Rruga e Dibres','40001','Tirane',2,'29049320423','','2016-03-25 08:45:51',0),(4,13,1,'Pese','Fifty','Rruga e Dibres','40001','Tirane',3,'29049320423','','2016-03-25 10:03:25',0),(5,14,1,'Gjashte','Six','Rruga e Dibres','40001','Tirane',4,'29049320423','','2016-03-25 10:05:19',0),(6,15,1,'Shtate','Seven','Rruga e Dibres','','Tirane',5,'29049320423','','2016-03-25 15:13:47',0),(10,19,1,'Leonar','Goga','Fier','300394','Fier',2,'2384052850954','','2016-04-14 12:56:27',0),(11,20,1,'Filan','Fisteku','Rr. Adriatik','23490','Durres',2,'349309304','293049230432','2016-04-17 07:11:20',0),(13,22,1,'Blue','Brown','2384 Main st','34904','Redville, NJ',230,'2934032943','2493209423','2016-04-18 08:37:31',0);

/*Table structure for table `countries` */

DROP TABLE IF EXISTS `countries`;

CREATE TABLE `countries` (
  `id` int(11) NOT NULL AUTO_INCREMENT,
  `code` varchar(2) NOT NULL DEFAULT '',
  `name` varchar(100) NOT NULL DEFAULT '',
  PRIMARY KEY (`id`)
) ENGINE=InnoDB AUTO_INCREMENT=247 DEFAULT CHARSET=utf8;

/*Data for the table `countries` */

insert  into `countries`(`id`,`code`,`name`) values (1,'AF','Afghanistan'),(2,'AL','Albania'),(3,'DZ','Algeria'),(4,'DS','American Samoa'),(5,'AD','Andorra'),(6,'AO','Angola'),(7,'AI','Anguilla'),(8,'AQ','Antarctica'),(9,'AG','Antigua and/or Barbuda'),(10,'AR','Argentina'),(11,'AM','Armenia'),(12,'AW','Aruba'),(13,'AU','Australia'),(14,'AT','Austria'),(15,'AZ','Azerbaijan'),(16,'BS','Bahamas'),(17,'BH','Bahrain'),(18,'BD','Bangladesh'),(19,'BB','Barbados'),(20,'BY','Belarus'),(21,'BE','Belgium'),(22,'BZ','Belize'),(23,'BJ','Benin'),(24,'BM','Bermuda'),(25,'BT','Bhutan'),(26,'BO','Bolivia'),(27,'BA','Bosnia and Herzegovina'),(28,'BW','Botswana'),(29,'BV','Bouvet Island'),(30,'BR','Brazil'),(31,'IO','British Indian Ocean Territory'),(32,'BN','Brunei Darussalam'),(33,'BG','Bulgaria'),(34,'BF','Burkina Faso'),(35,'BI','Burundi'),(36,'KH','Cambodia'),(37,'CM','Cameroon'),(38,'CA','Canada'),(39,'CV','Cape Verde'),(40,'KY','Cayman Islands'),(41,'CF','Central African Republic'),(42,'TD','Chad'),(43,'CL','Chile'),(44,'CN','China'),(45,'CX','Christmas Island'),(46,'CC','Cocos (Keeling) Islands'),(47,'CO','Colombia'),(48,'KM','Comoros'),(49,'CG','Congo'),(50,'CK','Cook Islands'),(51,'CR','Costa Rica'),(52,'HR','Croatia (Hrvatska)'),(53,'CU','Cuba'),(54,'CY','Cyprus'),(55,'CZ','Czech Republic'),(56,'DK','Denmark'),(57,'DJ','Djibouti'),(58,'DM','Dominica'),(59,'DO','Dominican Republic'),(60,'TP','East Timor'),(61,'EC','Ecuador'),(62,'EG','Egypt'),(63,'SV','El Salvador'),(64,'GQ','Equatorial Guinea'),(65,'ER','Eritrea'),(66,'EE','Estonia'),(67,'ET','Ethiopia'),(68,'FK','Falkland Islands (Malvinas)'),(69,'FO','Faroe Islands'),(70,'FJ','Fiji'),(71,'FI','Finland'),(72,'FR','France'),(73,'FX','France, Metropolitan'),(74,'GF','French Guiana'),(75,'PF','French Polynesia'),(76,'TF','French Southern Territories'),(77,'GA','Gabon'),(78,'GM','Gambia'),(79,'GE','Georgia'),(80,'DE','Germany'),(81,'GH','Ghana'),(82,'GI','Gibraltar'),(83,'GK','Guernsey'),(84,'GR','Greece'),(85,'GL','Greenland'),(86,'GD','Grenada'),(87,'GP','Guadeloupe'),(88,'GU','Guam'),(89,'GT','Guatemala'),(90,'GN','Guinea'),(91,'GW','Guinea-Bissau'),(92,'GY','Guyana'),(93,'HT','Haiti'),(94,'HM','Heard and Mc Donald Islands'),(95,'HN','Honduras'),(96,'HK','Hong Kong'),(97,'HU','Hungary'),(98,'IS','Iceland'),(99,'IN','India'),(100,'IM','Isle of Man'),(101,'ID','Indonesia'),(102,'IR','Iran (Islamic Republic of)'),(103,'IQ','Iraq'),(104,'IE','Ireland'),(105,'IL','Israel'),(106,'IT','Italy'),(107,'CI','Ivory Coast'),(108,'JE','Jersey'),(109,'JM','Jamaica'),(110,'JP','Japan'),(111,'JO','Jordan'),(112,'KZ','Kazakhstan'),(113,'KE','Kenya'),(114,'KI','Kiribati'),(115,'KP','Korea, Democratic People\'s Republic of'),(116,'KR','Korea, Republic of'),(117,'XK','Kosovo'),(118,'KW','Kuwait'),(119,'KG','Kyrgyzstan'),(120,'LA','Lao People\'s Democratic Republic'),(121,'LV','Latvia'),(122,'LB','Lebanon'),(123,'LS','Lesotho'),(124,'LR','Liberia'),(125,'LY','Libyan Arab Jamahiriya'),(126,'LI','Liechtenstein'),(127,'LT','Lithuania'),(128,'LU','Luxembourg'),(129,'MO','Macau'),(130,'MK','Macedonia'),(131,'MG','Madagascar'),(132,'MW','Malawi'),(133,'MY','Malaysia'),(134,'MV','Maldives'),(135,'ML','Mali'),(136,'MT','Malta'),(137,'MH','Marshall Islands'),(138,'MQ','Martinique'),(139,'MR','Mauritania'),(140,'MU','Mauritius'),(141,'TY','Mayotte'),(142,'MX','Mexico'),(143,'FM','Micronesia, Federated States of'),(144,'MD','Moldova, Republic of'),(145,'MC','Monaco'),(146,'MN','Mongolia'),(147,'ME','Montenegro'),(148,'MS','Montserrat'),(149,'MA','Morocco'),(150,'MZ','Mozambique'),(151,'MM','Myanmar'),(152,'NA','Namibia'),(153,'NR','Nauru'),(154,'NP','Nepal'),(155,'NL','Netherlands'),(156,'AN','Netherlands Antilles'),(157,'NC','New Caledonia'),(158,'NZ','New Zealand'),(159,'NI','Nicaragua'),(160,'NE','Niger'),(161,'NG','Nigeria'),(162,'NU','Niue'),(163,'NF','Norfolk Island'),(164,'MP','Northern Mariana Islands'),(165,'NO','Norway'),(166,'OM','Oman'),(167,'PK','Pakistan'),(168,'PW','Palau'),(169,'PS','Palestine'),(170,'PA','Panama'),(171,'PG','Papua New Guinea'),(172,'PY','Paraguay'),(173,'PE','Peru'),(174,'PH','Philippines'),(175,'PN','Pitcairn'),(176,'PL','Poland'),(177,'PT','Portugal'),(178,'PR','Puerto Rico'),(179,'QA','Qatar'),(180,'RE','Reunion'),(181,'RO','Romania'),(182,'RU','Russian Federation'),(183,'RW','Rwanda'),(184,'KN','Saint Kitts and Nevis'),(185,'LC','Saint Lucia'),(186,'VC','Saint Vincent and the Grenadines'),(187,'WS','Samoa'),(188,'SM','San Marino'),(189,'ST','Sao Tome and Principe'),(190,'SA','Saudi Arabia'),(191,'SN','Senegal'),(192,'RS','Serbia'),(193,'SC','Seychelles'),(194,'SL','Sierra Leone'),(195,'SG','Singapore'),(196,'SK','Slovakia'),(197,'SI','Slovenia'),(198,'SB','Solomon Islands'),(199,'SO','Somalia'),(200,'ZA','South Africa'),(201,'GS','South Georgia South Sandwich Islands'),(202,'ES','Spain'),(203,'LK','Sri Lanka'),(204,'SH','St. Helena'),(205,'PM','St. Pierre and Miquelon'),(206,'SD','Sudan'),(207,'SR','Suriname'),(208,'SJ','Svalbard and Jan Mayen Islands'),(209,'SZ','Swaziland'),(210,'SE','Sweden'),(211,'CH','Switzerland'),(212,'SY','Syrian Arab Republic'),(213,'TW','Taiwan'),(214,'TJ','Tajikistan'),(215,'TZ','Tanzania, United Republic of'),(216,'TH','Thailand'),(217,'TG','Togo'),(218,'TK','Tokelau'),(219,'TO','Tonga'),(220,'TT','Trinidad and Tobago'),(221,'TN','Tunisia'),(222,'TR','Turkey'),(223,'TM','Turkmenistan'),(224,'TC','Turks and Caicos Islands'),(225,'TV','Tuvalu'),(226,'UG','Uganda'),(227,'UA','Ukraine'),(228,'AE','United Arab Emirates'),(229,'GB','United Kingdom'),(230,'US','United States'),(231,'UM','United States minor outlying islands'),(232,'UY','Uruguay'),(233,'UZ','Uzbekistan'),(234,'VU','Vanuatu'),(235,'VA','Vatican City State'),(236,'VE','Venezuela'),(237,'VN','Vietnam'),(238,'VG','Virgin Islands (British)'),(239,'VI','Virgin Islands (U.S.)'),(240,'WF','Wallis and Futuna Islands'),(241,'EH','Western Sahara'),(242,'YE','Yemen'),(243,'YU','Yugoslavia'),(244,'ZR','Zaire'),(245,'ZM','Zambia'),(246,'ZW','Zimbabwe');

/*Table structure for table `discountpervehicle` */

DROP TABLE IF EXISTS `discountpervehicle`;

CREATE TABLE `discountpervehicle` (
  `id` int(10) unsigned NOT NULL AUTO_INCREMENT,
  `id_vehicle` int(10) unsigned DEFAULT NULL,
  `duration` smallint(5) unsigned DEFAULT '1' COMMENT 'in days',
  `discount` double(8,4) DEFAULT NULL COMMENT 'per day',
  `percentage` tinyint(1) unsigned DEFAULT '0' COMMENT '0=fixed amount per day 1=percentage discount',
  `active` tinyint(1) unsigned NOT NULL DEFAULT '1',
  PRIMARY KEY (`id`)
) ENGINE=InnoDB AUTO_INCREMENT=4 DEFAULT CHARSET=latin1;

/*Data for the table `discountpervehicle` */

insert  into `discountpervehicle`(`id`,`id_vehicle`,`duration`,`discount`,`percentage`,`active`) values (1,1,2,5.0000,0,1),(2,2,2,3.0000,0,1),(3,3,2,0.2000,1,1);

/*Table structure for table `discountranges` */

DROP TABLE IF EXISTS `discountranges`;

CREATE TABLE `discountranges` (
  `id` int(10) unsigned NOT NULL AUTO_INCREMENT,
  `duration` smallint(5) unsigned DEFAULT '1',
  `last_range` tinyint(1) unsigned NOT NULL DEFAULT '0' COMMENT '1=and above (plus)',
  `description` varchar(200) DEFAULT NULL,
  `active` tinyint(1) unsigned NOT NULL DEFAULT '1',
  PRIMARY KEY (`id`)
) ENGINE=InnoDB AUTO_INCREMENT=3 DEFAULT CHARSET=latin1;

/*Data for the table `discountranges` */

insert  into `discountranges`(`id`,`duration`,`last_range`,`description`,`active`) values (1,2,0,'Two Days Discount',1),(2,5,0,'Five Days Discount',1);

/*Table structure for table `drivers` */

DROP TABLE IF EXISTS `drivers`;

CREATE TABLE `drivers` (
  `id` int(10) unsigned NOT NULL AUTO_INCREMENT,
  `id_user` int(11) NOT NULL COMMENT '0=system (created by admin to be used by all admins)',
  `email` varchar(200) NOT NULL,
  `firstname` varchar(100) NOT NULL,
  `lastname` varchar(100) NOT NULL,
  `birthdate` date NOT NULL,
  `birthplace` varchar(100) NOT NULL,
  `id_country_birth` int(10) unsigned NOT NULL,
  `license_number` varchar(100) NOT NULL,
  `license_expiration` date NOT NULL,
  `id_country_license` int(10) unsigned DEFAULT NULL,
  `passport` varchar(100) DEFAULT NULL,
  `idcard` varchar(100) DEFAULT NULL,
  `created_at` datetime DEFAULT NULL,
  `active` tinyint(1) unsigned NOT NULL DEFAULT '1',
  `deleted` tinyint(1) unsigned NOT NULL DEFAULT '0',
  PRIMARY KEY (`id`)
) ENGINE=InnoDB AUTO_INCREMENT=23 DEFAULT CHARSET=latin1;

/*Data for the table `drivers` */

insert  into `drivers`(`id`,`id_user`,`email`,`firstname`,`lastname`,`birthdate`,`birthplace`,`id_country_birth`,`license_number`,`license_expiration`,`id_country_license`,`passport`,`idcard`,`created_at`,`active`,`deleted`) values (7,1,'seven@mail.com','Seven7','Shtate','1985-09-12','farminton hills',2,'M49230493V','1985-09-12',2,'23424343','','2016-01-27 18:14:21',1,0),(8,1,'eight@hotmail.com','Eight','Tete','1975-07-18','',2,'N24382094D','1975-07-18',2,'45345676','','2016-01-27 18:14:23',1,0),(12,2,'fifteen@mail.com','Fifteen','Twenty','1985-09-12','Shkoder',2,'23490234932040','2006-10-04',2,'P2343243U','454545','2016-03-25 08:45:51',1,0),(13,2,'pese@mail.com','Pese','Fifty','1985-11-11','Tirane',2,'23490234932040','2006-05-18',2,'','','2016-03-25 10:03:25',1,0),(14,1,'gjashte@mail.com','Gjashte','Six','1985-07-04','Tirane',2,'23490234932040','2006-05-03',2,'','23434','2016-03-25 10:05:19',1,0),(15,1,'shtate@mail.com','Shtate','Seven','1985-06-03','Tirane',2,'23490234932040','2006-09-03',2,'','','2016-03-25 15:13:47',1,0),(19,4,'nardigoga@yahoo.it','Leonar','Goga','1985-04-11','Fier',2,'238405854','2019-09-12',2,'','','2016-04-14 12:56:27',1,0),(20,1,'filan@mail.com','Filan','Fisteku','1988-04-12','Durres',2,'293029342','2018-03-10',2,'','I9432230492L','2016-04-17 07:11:20',1,0),(22,1,'blue.brown@mail.com','Blue','Brown','1988-06-03','Redville, NJ',230,'Y3230492304H','2017-08-16',230,'5465774677','','2016-04-18 08:37:31',1,0);

/*Table structure for table `durationdiscounts` */

DROP TABLE IF EXISTS `durationdiscounts`;

CREATE TABLE `durationdiscounts` (
  `id` int(10) unsigned NOT NULL AUTO_INCREMENT,
  `id_vehicle` int(10) unsigned DEFAULT NULL,
  `duration` smallint(5) unsigned DEFAULT '1' COMMENT 'in days',
  `discount` double(8,4) DEFAULT NULL COMMENT 'per day',
  `percentage` tinyint(1) unsigned DEFAULT '0' COMMENT '0=fixed amount per day 1=percentage discount',
  `created_at` datetime DEFAULT NULL,
  PRIMARY KEY (`id`)
) ENGINE=InnoDB AUTO_INCREMENT=11 DEFAULT CHARSET=latin1;

/*Data for the table `durationdiscounts` */

insert  into `durationdiscounts`(`id`,`id_vehicle`,`duration`,`discount`,`percentage`,`created_at`) values (7,1,6,0.0000,0,'2016-04-14 13:40:56'),(8,1,14,2.0000,0,'2016-04-14 13:41:16'),(9,1,27,4.0000,0,'2016-04-14 13:41:28'),(10,1,31,6.0000,0,'2016-04-14 13:42:14');

/*Table structure for table `features` */

DROP TABLE IF EXISTS `features`;

CREATE TABLE `features` (
  `id` int(10) unsigned NOT NULL AUTO_INCREMENT,
  `name` varchar(50) DEFAULT NULL,
  `description` varchar(500) DEFAULT NULL,
  `icon_type` tinyint(1) DEFAULT '0' COMMENT '0=label 1=icon 3=img',
  `icon_value` varchar(500) DEFAULT NULL COMMENT 'label, fontawesome icon code or img path',
  `created_at` datetime DEFAULT NULL,
  `active` tinyint(1) unsigned NOT NULL DEFAULT '1',
  `deleted` tinyint(1) unsigned NOT NULL DEFAULT '0',
  PRIMARY KEY (`id`)
) ENGINE=InnoDB AUTO_INCREMENT=12 DEFAULT CHARSET=latin1;

/*Data for the table `features` */

insert  into `features`(`id`,`name`,`description`,`icon_type`,`icon_value`,`created_at`,`active`,`deleted`) values (1,'ert','weryoyi',1,'fa-bug','2015-11-27 12:52:04',1,0),(2,'ih','guo',1,'fa-car','2015-11-27 12:52:04',1,0),(3,'nje','one',0,'nje','2015-11-27 12:52:04',1,0),(4,'dy bug','',1,'fa-bug','2015-11-27 13:03:39',0,0),(5,'tre','joins',0,NULL,'2015-11-27 13:09:10',1,1),(6,'newlbl','new img',0,'lbl','2015-11-27 13:11:14',1,0),(7,'test','',0,NULL,'2015-11-27 13:12:55',1,1),(8,'wo','',0,NULL,'2015-11-27 13:16:35',1,1),(9,'treeee','',2,'bjwoT1454511572.png','2015-11-27 13:35:11',1,0),(10,'asdf','',2,'agxvY1454511584.jpg','2015-11-27 13:38:24',0,0),(11,'Bluetooth','',1,'fa-bluetooth','2015-12-17 16:56:25',1,0);

/*Table structure for table `location_to_location_costs` */

DROP TABLE IF EXISTS `location_to_location_costs`;

CREATE TABLE `location_to_location_costs` (
  `id` int(10) unsigned NOT NULL AUTO_INCREMENT,
  `id_location_from` int(10) unsigned NOT NULL,
  `id_location_to` int(10) unsigned NOT NULL,
  `cost` double(8,2) DEFAULT '0.00',
  `created_at` datetime DEFAULT NULL,
  PRIMARY KEY (`id`)
) ENGINE=InnoDB AUTO_INCREMENT=21 DEFAULT CHARSET=latin1;

/*Data for the table `location_to_location_costs` */

insert  into `location_to_location_costs`(`id`,`id_location_from`,`id_location_to`,`cost`,`created_at`) values (1,8,6,30.00,'2016-04-20 13:51:01'),(2,2,6,30.00,'2016-04-20 13:51:01'),(3,3,6,50.00,'2016-04-20 13:51:01'),(4,7,6,0.00,'2016-04-20 13:51:01'),(5,1,6,0.00,'2016-04-20 13:51:01'),(6,5,6,60.00,'2016-04-20 13:51:01'),(8,8,2,30.00,'2016-04-20 13:51:44'),(9,3,2,30.00,'2016-04-20 13:51:44'),(10,7,2,30.00,'2016-04-20 13:51:44'),(11,6,2,30.00,'2016-04-20 13:51:44'),(12,1,2,30.00,'2016-04-20 13:51:44'),(13,5,2,50.00,'2016-04-20 13:51:44'),(15,8,3,30.00,'2016-04-20 14:04:21'),(16,2,3,30.00,'2016-04-20 14:04:21'),(17,7,3,30.00,'2016-04-20 14:04:21'),(18,6,3,50.00,'2016-04-20 14:04:21'),(19,1,3,30.00,'2016-04-20 14:04:21'),(20,5,3,50.00,'2016-04-20 14:04:21');

/*Table structure for table `locations` */

DROP TABLE IF EXISTS `locations`;

CREATE TABLE `locations` (
  `id` int(10) unsigned NOT NULL AUTO_INCREMENT,
  `name` varchar(100) DEFAULT NULL,
  `code` varchar(20) DEFAULT NULL,
  `city` varchar(100) DEFAULT NULL,
  `address` varchar(500) DEFAULT NULL,
  `lat` varchar(50) DEFAULT NULL,
  `lng` varchar(50) DEFAULT NULL,
  `tel` varchar(50) DEFAULT NULL,
  `tel2` varchar(50) DEFAULT NULL,
  `fax` varchar(50) DEFAULT NULL,
  `email` varchar(100) DEFAULT NULL,
  `id_locationtype` tinyint(3) unsigned DEFAULT NULL,
  `after_hours_price` double(6,2) DEFAULT NULL COMMENT 'after operational hour extra charge',
  `created_at` datetime DEFAULT NULL,
  `updated_at` datetime DEFAULT NULL,
  `active` tinyint(1) unsigned NOT NULL DEFAULT '1',
  `deleted` tinyint(1) unsigned NOT NULL DEFAULT '0',
  PRIMARY KEY (`id`)
) ENGINE=InnoDB AUTO_INCREMENT=9 DEFAULT CHARSET=latin1;

/*Data for the table `locations` */

insert  into `locations`(`id`,`name`,`code`,`city`,`address`,`lat`,`lng`,`tel`,`tel2`,`fax`,`email`,`id_locationtype`,`after_hours_price`,`created_at`,`updated_at`,`active`,`deleted`) values (1,'Tirane','01','Tirane','Bulevardi Zogu I','41.318124791867035','19.809674620628357','NYT','','','',4,30.00,NULL,'2015-12-14 13:18:15',1,0),(2,'Durres','02','Durres','Rr. Teuta','41.317141714635824','19.45479154586792','219713','','12','',2,30.00,NULL,'2015-12-14 13:22:31',1,0),(3,'Fier','03','Fier','Fier','40.730575957147444','19.55469846725464','234','','12','',3,30.00,NULL,'2015-12-14 13:25:05',1,0),(5,'Vlore','04','Vlore','Bulevardi Vlore-Skele','40.4537397627549','19.48871612548828','57700','485845-9','','',2,30.00,'2015-11-24 10:10:22','2015-11-24 10:10:22',1,0),(6,'Tirana TIA (Rinas)',NULL,'Tirane','Rinas Airport Terminal','41.420155127079006','19.712133407592773','+35578899090','','+35578899090','one@mail.com',1,30.00,'2015-12-14 13:21:10','2015-12-15 09:49:22',1,0),(7,'Komuna e Parisit',NULL,'Tirana','Komuna e parisit','41.31914008557364','19.80757713317871','09900','','','',4,30.00,'2015-12-17 17:04:35','2015-12-17 17:04:35',1,0),(8,'Agjensia \"FriensTravel\" Elbasan',NULL,'Elbasan','Rruga Cerciz Topulli ne hyrje te qytetit','41.10900903575741','20.07178544998169','06920000943','','','',4,30.00,'2016-01-22 09:31:01','2016-01-22 09:31:01',1,0);

/*Table structure for table `locationtypes` */

DROP TABLE IF EXISTS `locationtypes`;

CREATE TABLE `locationtypes` (
  `id` tinyint(3) unsigned NOT NULL AUTO_INCREMENT,
  `name` varchar(50) DEFAULT NULL,
  `flg_delete` tinyint(1) unsigned NOT NULL DEFAULT '1',
  `deleted` tinyint(1) unsigned NOT NULL DEFAULT '0',
  PRIMARY KEY (`id`)
) ENGINE=InnoDB AUTO_INCREMENT=5 DEFAULT CHARSET=latin1;

/*Data for the table `locationtypes` */

insert  into `locationtypes`(`id`,`name`,`flg_delete`,`deleted`) values (1,'Airport',0,0),(2,'Port',0,0),(3,'Train Station',0,0),(4,'Downtown',0,0);

/*Table structure for table `operationalhours` */

DROP TABLE IF EXISTS `operationalhours`;

CREATE TABLE `operationalhours` (
  `id` int(10) unsigned NOT NULL AUTO_INCREMENT,
  `id_location` int(10) unsigned DEFAULT NULL,
  `start_day` tinyint(4) DEFAULT NULL COMMENT '1=Monday 7=Sunday',
  `end_day` tinyint(4) DEFAULT NULL,
  `open_time` time DEFAULT NULL,
  `close_time` time DEFAULT NULL,
  `not_operational` tinyint(1) unsigned NOT NULL DEFAULT '1',
  PRIMARY KEY (`id`)
) ENGINE=InnoDB AUTO_INCREMENT=18 DEFAULT CHARSET=latin1;

/*Data for the table `operationalhours` */

insert  into `operationalhours`(`id`,`id_location`,`start_day`,`end_day`,`open_time`,`close_time`,`not_operational`) values (1,2,1,5,'08:00:00','20:15:00',0),(6,2,7,7,'00:00:00','00:00:00',1),(9,7,1,5,'08:00:00','20:00:00',0),(10,7,3,6,'09:00:00','17:30:00',0),(11,7,7,7,'00:00:00','00:00:00',1),(12,8,1,7,'09:00:00','17:30:00',0),(14,6,1,5,'08:00:00','16:00:00',0),(16,5,1,5,'08:00:00','16:00:00',0),(17,3,1,7,'08:00:00','16:00:00',0);

/*Table structure for table `options` */

DROP TABLE IF EXISTS `options`;

CREATE TABLE `options` (
  `id` int(10) unsigned NOT NULL AUTO_INCREMENT,
  `name` varchar(50) DEFAULT NULL,
  `description` varchar(500) DEFAULT NULL,
  `icon_type` tinyint(1) DEFAULT '0' COMMENT '0=label 1=icon 3=img',
  `icon_value` varchar(500) DEFAULT NULL COMMENT 'label, fontawesome icon code or img path',
  `created_at` datetime DEFAULT NULL,
  `active` tinyint(1) unsigned NOT NULL DEFAULT '1',
  `deleted` tinyint(1) unsigned NOT NULL DEFAULT '0',
  PRIMARY KEY (`id`)
) ENGINE=InnoDB AUTO_INCREMENT=11 DEFAULT CHARSET=latin1;

/*Data for the table `options` */

insert  into `options`(`id`,`name`,`description`,`icon_type`,`icon_value`,`created_at`,`active`,`deleted`) values (1,'ert','weryoyi',1,'fa-bug','2015-11-27 12:52:04',1,0),(2,'ih','guo',1,'fa-car','2015-11-27 12:52:04',1,0),(3,'nje','one',0,'nje','2015-11-27 12:52:04',1,0),(4,'dy bug','',1,'fa-bug','2015-11-27 13:03:39',0,0),(5,'tre','joins',0,NULL,'2015-11-27 13:09:10',1,1),(6,'newlbl','new img',0,'lbl','2015-11-27 13:11:14',1,0),(7,'test','',0,NULL,'2015-11-27 13:12:55',1,1),(8,'wo','',0,NULL,'2015-11-27 13:16:35',1,1),(9,'treeee','',2,'N82QJ1448631311.png','2015-11-27 13:35:11',1,0),(10,'asdf','',2,'ITGce1448631504.png','2015-11-27 13:38:24',0,0);

/*Table structure for table `paymentmethod` */

DROP TABLE IF EXISTS `paymentmethod`;

CREATE TABLE `paymentmethod` (
  `id` tinyint(4) NOT NULL AUTO_INCREMENT,
  `name` varchar(100) DEFAULT NULL,
  PRIMARY KEY (`id`)
) ENGINE=InnoDB AUTO_INCREMENT=6 DEFAULT CHARSET=latin1;

/*Data for the table `paymentmethod` */

insert  into `paymentmethod`(`id`,`name`) values (0,'None'),(1,'Paypal'),(2,'Cash'),(3,'Bank'),(4,'Check'),(5,'Other');

/*Table structure for table `payments` */

DROP TABLE IF EXISTS `payments`;

CREATE TABLE `payments` (
  `id` int(10) unsigned NOT NULL AUTO_INCREMENT,
  `id_reservation` int(10) unsigned DEFAULT NULL,
  `amount` double(10,2) DEFAULT NULL,
  `id_user` int(10) unsigned DEFAULT NULL COMMENT 'client',
  `details` text,
  `id_paymentmethod` tinyint(4) DEFAULT '1',
  `id_paymenttype` tinyint(4) DEFAULT '1',
  `id_user_verified` int(11) DEFAULT '-1' COMMENT 'by paypal=0 else user_id',
  `verified_by` varchar(100) DEFAULT NULL COMMENT 'by paypal or user_fullname',
  `paypal_payment_id` varchar(200) DEFAULT NULL,
  `paypal_sale_id` varchar(200) DEFAULT NULL,
  `paypal_refund_id` varchar(200) DEFAULT NULL,
  `id_payment_related` int(10) unsigned DEFAULT NULL COMMENT 'parent payment on refund',
  `refunded_amount` double(10,2) DEFAULT '0.00',
  `paid_at` datetime DEFAULT NULL,
  `created_at` datetime DEFAULT NULL,
  `status` tinyint(1) NOT NULL DEFAULT '0' COMMENT '-1=canceled by paypal 0=pending 1=verified 2=full-refund 3=partial-refund',
  PRIMARY KEY (`id`)
) ENGINE=InnoDB AUTO_INCREMENT=4 DEFAULT CHARSET=latin1;

/*Data for the table `payments` */

insert  into `payments`(`id`,`id_reservation`,`amount`,`id_user`,`details`,`id_paymentmethod`,`id_paymenttype`,`id_user_verified`,`verified_by`,`paypal_payment_id`,`paypal_sale_id`,`paypal_refund_id`,`id_payment_related`,`refunded_amount`,`paid_at`,`created_at`,`status`) values (1,1,204.30,1,NULL,2,1,1,'Admin Admin',NULL,NULL,NULL,NULL,0.00,'2016-04-19 14:18:26','2016-04-19 14:18:26',1),(3,3,148.00,2,NULL,2,1,2,'One Gray',NULL,NULL,NULL,NULL,0.00,'2016-04-20 14:13:06','2016-04-20 14:13:06',1);

/*Table structure for table `paymenttype` */

DROP TABLE IF EXISTS `paymenttype`;

CREATE TABLE `paymenttype` (
  `id` int(10) unsigned NOT NULL AUTO_INCREMENT,
  `name` varchar(200) DEFAULT NULL,
  `manual` tinyint(1) unsigned NOT NULL DEFAULT '1',
  PRIMARY KEY (`id`)
) ENGINE=InnoDB AUTO_INCREMENT=8 DEFAULT CHARSET=latin1;

/*Data for the table `paymenttype` */

insert  into `paymenttype`(`id`,`name`,`manual`) values (0,'Partial Payment',1),(1,'Full Payment',1),(5,'Safety Deposit',1),(6,'Refund - Full',0),(7,'Refund - Partial',0);

/*Table structure for table `reservation_drivers` */

DROP TABLE IF EXISTS `reservation_drivers`;

CREATE TABLE `reservation_drivers` (
  `id` int(10) unsigned NOT NULL AUTO_INCREMENT,
  `id_reservation` int(10) unsigned DEFAULT NULL,
  `id_driver` int(10) unsigned DEFAULT NULL,
  `primary` tinyint(1) unsigned NOT NULL DEFAULT '1',
  PRIMARY KEY (`id`)
) ENGINE=InnoDB AUTO_INCREMENT=4 DEFAULT CHARSET=latin1;

/*Data for the table `reservation_drivers` */

insert  into `reservation_drivers`(`id`,`id_reservation`,`id_driver`,`primary`) values (1,1,22,1),(3,3,12,1);

/*Table structure for table `reservation_entries` */

DROP TABLE IF EXISTS `reservation_entries`;

CREATE TABLE `reservation_entries` (
  `id` int(10) unsigned NOT NULL AUTO_INCREMENT,
  `id_reservation` int(10) unsigned DEFAULT NULL,
  `entry_name` varchar(500) DEFAULT NULL,
  `quantity` double(10,2) DEFAULT '1.00',
  `price` double(10,4) DEFAULT NULL,
  `id_accessory` int(10) unsigned DEFAULT '0' COMMENT '0=no accesory',
  `details` varchar(2000) DEFAULT NULL,
  `deleted` tinyint(1) unsigned DEFAULT '0',
  PRIMARY KEY (`id`)
) ENGINE=InnoDB AUTO_INCREMENT=10 DEFAULT CHARSET=latin1;

/*Data for the table `reservation_entries` */

insert  into `reservation_entries`(`id`,`id_reservation`,`entry_name`,`quantity`,`price`,`id_accessory`,`details`,`deleted`) values (1,1,'Base Rate',3.00,90.0000,0,'[{\"type\":\"standard\",\"name\":\"Standard Price\",\"rate\":30,\"amount\":\"3\",\"total\":90}]',0),(2,1,'Discount',1.00,-9.0000,0,'{\"type\":\"discount_fixed\",\"name\":\"3 Days Discount\",\"rate\":9,\"amount\":\"3\",\"total\":27}',0),(3,1,'Additional Driver',1.00,36.0000,7,'',0),(4,1,'Special Discount (-10%)',1.00,-11.7000,0,'Special Discount: -10% of 117.00',0),(8,3,'Base Rate',1.00,39.0000,0,'[{\"type\":\"standard\",\"name\":\"Standard Price\",\"rate\":39,\"amount\":\"1\",\"total\":39}]',0),(9,3,'Child booster seat',1.00,10.0000,8,'',0);

/*Table structure for table `reservation_subjects` */

DROP TABLE IF EXISTS `reservation_subjects`;

CREATE TABLE `reservation_subjects` (
  `id` int(10) unsigned NOT NULL AUTO_INCREMENT,
  `subject` varchar(100) DEFAULT NULL,
  `description` varchar(500) DEFAULT NULL,
  PRIMARY KEY (`id`)
) ENGINE=InnoDB AUTO_INCREMENT=6 DEFAULT CHARSET=latin1;

/*Data for the table `reservation_subjects` */

insert  into `reservation_subjects`(`id`,`subject`,`description`) values (1,'base_rate','Base Rate'),(2,'duration_discount','Discount based on the duration of your reservation.'),(3,'different_return_location','Extra charge for the different RETURN LOCATION'),(4,'after_hours_pickup_time','Extra charge for the after hours PICKUP TIME'),(5,'after_hours_return_time','Extra charge for the after hours RETURN TIME');

/*Table structure for table `reservations` */

DROP TABLE IF EXISTS `reservations`;

CREATE TABLE `reservations` (
  `id` int(10) unsigned NOT NULL AUTO_INCREMENT,
  `id_vehicle` int(10) unsigned DEFAULT NULL,
  `vehicle_title` varchar(200) DEFAULT NULL,
  `id_user` int(10) unsigned DEFAULT NULL,
  `primary_driver_name` varchar(200) DEFAULT NULL,
  `pickup_datetime` datetime DEFAULT NULL,
  `id_location_pickup` int(10) unsigned DEFAULT NULL,
  `pickup_location` varchar(100) DEFAULT NULL,
  `return_datetime` datetime DEFAULT NULL,
  `id_location_return` int(10) unsigned DEFAULT NULL,
  `return_location` varchar(100) DEFAULT NULL,
  `duration_days` int(11) DEFAULT NULL,
  `created_at` datetime DEFAULT NULL,
  `approved` tinyint(1) unsigned NOT NULL DEFAULT '0' COMMENT '0=pending 1=approved 2=expired 3=canceled',
  `id_user_approved` int(11) DEFAULT '-1' COMMENT '-1=pending 0=paypal payment completed >1 user approved',
  `approved_user_name` varchar(100) DEFAULT NULL,
  `approved_at` datetime DEFAULT NULL,
  `total_price` double(10,2) DEFAULT NULL,
  `security_deposit` double(8,2) DEFAULT NULL,
  `id_payment` int(10) unsigned DEFAULT '0' COMMENT 'paypal payment that helps refund the security_deposit',
  `security_deposit_refunded` int(1) unsigned NOT NULL DEFAULT '0' COMMENT '0=not refunded 1=refunded',
  `payment_completed` tinyint(1) unsigned NOT NULL DEFAULT '0' COMMENT '0=not completed 1=completed 2=temp canceled by paypal',
  `pay_later_request` tinyint(1) unsigned DEFAULT '0' COMMENT '0=no/direct payment 1=request pending 2=request approved 3=request refused (status=0 => canceled)',
  `request_description` varchar(2000) DEFAULT NULL,
  `status` tinyint(1) unsigned NOT NULL DEFAULT '1' COMMENT '1=pending/reserved, 0=canceled 2=completed (old)',
  PRIMARY KEY (`id`)
) ENGINE=InnoDB AUTO_INCREMENT=4 DEFAULT CHARSET=latin1;

/*Data for the table `reservations` */

insert  into `reservations`(`id`,`id_vehicle`,`vehicle_title`,`id_user`,`primary_driver_name`,`pickup_datetime`,`id_location_pickup`,`pickup_location`,`return_datetime`,`id_location_return`,`return_location`,`duration_days`,`created_at`,`approved`,`id_user_approved`,`approved_user_name`,`approved_at`,`total_price`,`security_deposit`,`id_payment`,`security_deposit_refunded`,`payment_completed`,`pay_later_request`,`request_description`,`status`) values (1,2,'Renault',1,'Blue Brown','2016-04-19 10:00:00',6,'Tirana TIA (Rinas)','2016-04-22 10:00:00',6,'Tirana TIA (Rinas)',3,'2016-04-19 14:18:26',1,1,'Admin Admin','2016-04-19 14:18:26',105.30,99.00,1,0,1,0,'',1),(3,1,'Mercedes Benz - E 320',2,'Fifteen Twenty','2016-04-20 10:00:00',6,'Tirana TIA (Rinas)','2016-04-21 10:00:00',6,'Tirana TIA (Rinas)',1,'2016-04-20 14:13:06',1,2,'One Gray','2016-04-20 14:13:06',49.00,99.00,3,0,1,0,'',1);

/*Table structure for table `rights` */

DROP TABLE IF EXISTS `rights`;

CREATE TABLE `rights` (
  `id` int(10) unsigned NOT NULL AUTO_INCREMENT,
  `id_rightsection` tinyint(3) unsigned NOT NULL DEFAULT '1',
  `route_url` varchar(200) NOT NULL,
  `shadow_rights` varchar(2000) DEFAULT '0' COMMENT '0=none else is a CSV of routes of the dependant rights',
  `right_label` varchar(100) DEFAULT NULL,
  `virtual` tinyint(1) unsigned DEFAULT '0' COMMENT 'not an actual route used for dispaly',
  `active` tinyint(1) unsigned DEFAULT '1',
  PRIMARY KEY (`id`,`route_url`)
) ENGINE=InnoDB DEFAULT CHARSET=latin1;

/*Data for the table `rights` */

/*Table structure for table `rightsections` */

DROP TABLE IF EXISTS `rightsections`;

CREATE TABLE `rightsections` (
  `id` tinyint(3) unsigned NOT NULL AUTO_INCREMENT,
  `section_name` varchar(100) DEFAULT NULL,
  `description` varchar(400) DEFAULT NULL,
  `id_module` tinyint(3) unsigned NOT NULL DEFAULT '1' COMMENT '1=system',
  PRIMARY KEY (`id`),
  KEY `id_module` (`id_module`) USING BTREE
) ENGINE=InnoDB AUTO_INCREMENT=21 DEFAULT CHARSET=latin1;

/*Data for the table `rightsections` */

insert  into `rightsections`(`id`,`section_name`,`description`,`id_module`) values (1,'Users','Users list, create or edit',1),(2,'Cars','Cars list, create or edit',1),(3,'Prices','Periodic prices',1),(4,'Locations','Create pickup locations',1),(5,'Accessories','Extra accessories',1),(6,'Approvals','Pending approvals',1),(7,'Payments','Payment history',1),(20,'Client Account','The account of self-registers users',2);

/*Table structure for table `rolerights` */

DROP TABLE IF EXISTS `rolerights`;

CREATE TABLE `rolerights` (
  `id` int(10) unsigned NOT NULL AUTO_INCREMENT,
  `id_role` int(10) unsigned NOT NULL,
  `route_url` varchar(200) DEFAULT NULL,
  `access` tinyint(1) unsigned DEFAULT '1',
  PRIMARY KEY (`id`)
) ENGINE=InnoDB DEFAULT CHARSET=latin1;

/*Data for the table `rolerights` */

/*Table structure for table `roles` */

DROP TABLE IF EXISTS `roles`;

CREATE TABLE `roles` (
  `id` int(10) unsigned NOT NULL AUTO_INCREMENT,
  `role_name` varchar(100) DEFAULT NULL,
  `description` varchar(300) DEFAULT NULL,
  `flg_delete` tinyint(1) unsigned DEFAULT '1' COMMENT 'can be deleted or not',
  `deleted` tinyint(1) unsigned DEFAULT '0',
  PRIMARY KEY (`id`)
) ENGINE=InnoDB AUTO_INCREMENT=10 DEFAULT CHARSET=latin1;

/*Data for the table `roles` */

insert  into `roles`(`id`,`role_name`,`description`,`flg_delete`,`deleted`) values (1,'Admin','Has permissions to access everything by default.',0,0),(2,'Operator','Approve Reservations and Open new ones',0,1),(5,'Agency','Reseller Agency, Makes reservations',0,0),(9,'Client/Visitor','The public that registers as client to make an order/reservation',0,0);

/*Table structure for table `user_failed_logins` */

DROP TABLE IF EXISTS `user_failed_logins`;

CREATE TABLE `user_failed_logins` (
  `id` int(10) unsigned NOT NULL AUTO_INCREMENT,
  `id_users` int(10) unsigned DEFAULT '0',
  `ip_address` char(15) CHARACTER SET utf8 COLLATE utf8_bin DEFAULT NULL,
  `attempted` int(11) unsigned DEFAULT NULL,
  PRIMARY KEY (`id`),
  KEY `usersId` (`id_users`)
) ENGINE=InnoDB AUTO_INCREMENT=13 DEFAULT CHARSET=utf8;

/*Data for the table `user_failed_logins` */

insert  into `user_failed_logins`(`id`,`id_users`,`ip_address`,`attempted`) values (1,0,'127.0.0.1',1449587190),(2,0,'127.0.0.1',1449587261),(3,0,'127.0.0.1',1449587286),(4,0,'127.0.0.1',1449778436),(5,3,'127.0.0.1',1449778609),(6,3,'127.0.0.1',1449778694),(7,3,'127.0.0.1',1449778944),(8,1,'127.0.0.1',1450203898),(9,1,'127.0.0.1',1455717135),(10,1,'127.0.0.1',1455786663),(11,1,'127.0.0.1',1458483959),(12,2,'127.0.0.1',1461148002);

/*Table structure for table `users` */

DROP TABLE IF EXISTS `users`;

CREATE TABLE `users` (
  `id` int(10) unsigned NOT NULL AUTO_INCREMENT,
  `password` varchar(100) NOT NULL,
  `email` varchar(100) DEFAULT NULL,
  `email_code` varchar(100) DEFAULT NULL,
  `firstname` varchar(50) DEFAULT NULL,
  `lastname` varchar(50) DEFAULT NULL,
  `id_role` tinyint(4) unsigned DEFAULT '9',
  `description` varchar(800) DEFAULT NULL,
  `tel` varchar(20) DEFAULT NULL,
  `created_at` datetime DEFAULT '0000-00-00 00:00:00',
  `updated_at` datetime DEFAULT NULL,
  `remember_token` varchar(100) DEFAULT NULL,
  `status` tinyint(1) unsigned DEFAULT '1' COMMENT '0=not active 1=active 2=Blocked',
  `deleted` tinyint(1) unsigned DEFAULT '0',
  PRIMARY KEY (`id`)
) ENGINE=InnoDB AUTO_INCREMENT=5 DEFAULT CHARSET=latin1;

/*Data for the table `users` */

insert  into `users`(`id`,`password`,`email`,`email_code`,`firstname`,`lastname`,`id_role`,`description`,`tel`,`created_at`,`updated_at`,`remember_token`,`status`,`deleted`) values (1,'$2y$10$ch50LN92wteXe/H0pb8aAe2i/gn9om9R3WNRnuOfIB.molviaxUKS','admin@mail.com',NULL,'Admin','Admin',1,NULL,'2483204','2015-11-16 10:23:04',NULL,'vUdWfUOSf17GyLsvedoQAFXkTbCCSSgAvfpXA5T97sNGjZ7i4gW9yNB8AD5h',1,0),(2,'$2y$10$W9NITLR8kmPROkUx8NPMK.X9Sm1JnCXuqrpYZ0BrPIeUq7dN0nZLi','one@mail.com',NULL,'One','Gray',5,NULL,'2348032935','2015-11-17 16:19:57',NULL,'pkYiOI4ZuNVCJpBvB3VJ0oxAS7wud8mOOsDt2zHliBVJfhPFtyIX5YrZFRJr',1,0),(3,'$2y$10$gCE4ijCxJwyevvEe8sktP.fJOS9Tm7bHljLz8WZycNcGlTLLFYZha','two@mail.com',NULL,'Two','Green',9,NULL,'29043902','2015-11-17 16:20:26',NULL,'ESlQtihle3MkUVe3ujsLnKTj8ran2QwpeARmGOKPtqMmAmRz53ZJqqlFboZ0',1,0),(4,'$2y$10$DApDvP9fRpo0j/3aEgW3kO6dNDVM5rOUYJZUnWid3Lvjx/GKbPY.a','nardigoga@yahoo.it',NULL,'Leonar','Goga',9,NULL,NULL,'2016-04-14 12:56:27',NULL,'F4vhgM0uy4bUXgLyqVUguBxVorYMIwiAM7sDI98fbtiO09986rRAoc5j3xOL',1,0);

/*Table structure for table `vehicleaccessories` */

DROP TABLE IF EXISTS `vehicleaccessories`;

CREATE TABLE `vehicleaccessories` (
  `id` int(10) unsigned NOT NULL AUTO_INCREMENT,
  `id_vehicle` int(11) DEFAULT NULL,
  `id_accessory` int(11) DEFAULT NULL,
  `price` double(8,2) DEFAULT '0.00',
  `created_at` datetime DEFAULT NULL,
  PRIMARY KEY (`id`)
) ENGINE=InnoDB AUTO_INCREMENT=54 DEFAULT CHARSET=latin1;

/*Data for the table `vehicleaccessories` */

insert  into `vehicleaccessories`(`id`,`id_vehicle`,`id_accessory`,`price`,`created_at`) values (19,1,7,12.00,'2015-12-05 13:58:18'),(20,1,8,10.00,'2015-12-05 13:58:18'),(21,1,12,12.00,'2015-12-05 13:58:18'),(22,1,10,12.00,'2015-12-05 13:58:18'),(23,1,9,12.00,'2015-12-05 13:58:18'),(24,1,14,10.00,'2015-12-05 13:58:18'),(25,1,11,12.00,'2015-12-05 13:58:18'),(26,1,13,5.00,'2015-12-05 13:58:18'),(27,2,7,12.00,'2015-12-05 13:58:40'),(28,2,8,10.00,'2015-12-05 13:58:40'),(29,2,12,12.00,'2015-12-05 13:58:40'),(30,2,10,12.00,'2015-12-05 13:58:40'),(31,2,9,12.00,'2015-12-05 13:58:40'),(32,2,14,10.00,'2015-12-05 13:58:40'),(33,2,11,12.00,'2015-12-05 13:58:40'),(34,2,13,5.00,'2015-12-05 13:58:40'),(35,3,7,12.00,'2015-12-05 13:58:59'),(36,3,8,10.00,'2015-12-05 13:58:59'),(37,3,12,12.00,'2015-12-05 13:58:59'),(38,3,10,12.00,'2015-12-05 13:58:59'),(39,3,9,12.00,'2015-12-05 13:58:59'),(40,4,9,12.00,'2015-12-05 13:59:15'),(41,4,14,10.00,'2015-12-05 13:59:15'),(42,4,11,12.00,'2015-12-05 13:59:15'),(43,4,13,5.00,'2015-12-05 13:59:15'),(44,5,8,10.00,'2015-12-05 13:59:31'),(45,5,12,12.00,'2015-12-05 13:59:31'),(46,5,10,12.00,'2015-12-05 13:59:31'),(47,5,9,12.00,'2015-12-05 13:59:31'),(48,5,14,10.00,'2015-12-05 13:59:31'),(49,6,7,12.00,'2015-12-17 16:54:00'),(50,6,8,10.00,'2015-12-17 16:54:00'),(51,6,10,12.00,'2015-12-17 16:54:00'),(52,6,9,12.00,'2015-12-17 16:54:00'),(53,6,14,20.00,'2015-12-17 16:54:00');

/*Table structure for table `vehiclefeatures` */

DROP TABLE IF EXISTS `vehiclefeatures`;

CREATE TABLE `vehiclefeatures` (
  `id` tinyint(3) unsigned NOT NULL AUTO_INCREMENT,
  `id_vehicle` int(10) unsigned NOT NULL,
  `id_feature` int(10) unsigned NOT NULL,
  `show_in_result` tinyint(1) unsigned NOT NULL DEFAULT '0' COMMENT 'display in search list/result',
  `value` varchar(100) DEFAULT NULL,
  `created_at` datetime DEFAULT NULL,
  PRIMARY KEY (`id`)
) ENGINE=InnoDB AUTO_INCREMENT=8 DEFAULT CHARSET=latin1;

/*Data for the table `vehiclefeatures` */

insert  into `vehiclefeatures`(`id`,`id_vehicle`,`id_feature`,`show_in_result`,`value`,`created_at`) values (5,1,4,0,'12','2015-12-02 10:06:16'),(6,1,6,0,'dy','2015-12-02 10:06:16'),(7,1,3,0,'22','2015-12-02 10:06:16');

/*Table structure for table `vehiclefueltypes` */

DROP TABLE IF EXISTS `vehiclefueltypes`;

CREATE TABLE `vehiclefueltypes` (
  `id` tinyint(3) unsigned NOT NULL AUTO_INCREMENT,
  `name` varchar(100) DEFAULT NULL,
  `deleted` tinyint(1) unsigned NOT NULL DEFAULT '0',
  PRIMARY KEY (`id`)
) ENGINE=InnoDB AUTO_INCREMENT=5 DEFAULT CHARSET=latin1;

/*Data for the table `vehiclefueltypes` */

insert  into `vehiclefueltypes`(`id`,`name`,`deleted`) values (1,'Diesel',0),(2,'Gasoline',0),(3,'Electric',0),(4,'Gas',0);

/*Table structure for table `vehicleimages` */

DROP TABLE IF EXISTS `vehicleimages`;

CREATE TABLE `vehicleimages` (
  `id` int(10) unsigned NOT NULL AUTO_INCREMENT,
  `id_vehicle` int(10) unsigned DEFAULT NULL,
  `img_url` varchar(200) DEFAULT NULL,
  `description` varchar(200) DEFAULT NULL,
  `created_at` datetime DEFAULT NULL,
  `deleted` tinyint(1) unsigned NOT NULL DEFAULT '0',
  PRIMARY KEY (`id`)
) ENGINE=InnoDB AUTO_INCREMENT=9 DEFAULT CHARSET=latin1;

/*Data for the table `vehicleimages` */

insert  into `vehicleimages`(`id`,`id_vehicle`,`img_url`,`description`,`created_at`,`deleted`) values (1,1,'xRwLn1454502155.jpg','Mercedes Benz - E 320','2016-02-03 12:22:35',0),(3,1,'OI7Dz1454503505.jpg','Front view','2016-02-03 12:45:05',0),(4,2,'4EbQz1454509385.jpg','','2016-02-03 14:23:05',0),(5,3,'DlmWb1454509397.jpg','','2016-02-03 14:23:18',0),(6,4,'lRpHI1454509412.jpg','','2016-02-03 14:23:33',0),(7,5,'Df0Dq1454509432.jpg','','2016-02-03 14:23:53',0),(8,6,'cmlCk1454509452.jpg','','2016-02-03 14:24:12',0);

/*Table structure for table `vehiclelocationcosts` */

DROP TABLE IF EXISTS `vehiclelocationcosts`;

CREATE TABLE `vehiclelocationcosts` (
  `id` int(10) unsigned NOT NULL AUTO_INCREMENT,
  `id_vehicle` int(11) DEFAULT NULL,
  `id_location` int(11) DEFAULT NULL,
  `cost` double(8,2) DEFAULT NULL,
  `created_at` datetime DEFAULT NULL,
  PRIMARY KEY (`id`)
) ENGINE=InnoDB AUTO_INCREMENT=68 DEFAULT CHARSET=latin1;

/*Data for the table `vehiclelocationcosts` */

insert  into `vehiclelocationcosts`(`id`,`id_vehicle`,`id_location`,`cost`,`created_at`) values (4,3,1,25.00,'2015-11-26 10:39:13'),(42,1,7,30.00,'2016-01-21 13:46:17'),(43,1,6,0.00,'2016-01-21 13:46:17'),(44,1,1,0.00,'2016-01-21 13:46:17'),(46,1,0,1.00,'2016-01-21 13:46:17'),(47,3,5,0.00,'2016-04-20 14:06:45'),(48,4,5,0.00,'2016-04-20 14:06:45'),(49,6,5,0.00,'2016-04-20 14:06:45'),(50,5,5,0.00,'2016-04-20 14:06:45'),(51,1,5,0.00,'2016-04-20 14:06:45'),(52,2,5,0.00,'2016-04-20 14:06:45'),(53,0,5,5.00,'2016-04-20 14:06:45'),(54,3,2,0.00,'2016-04-20 14:07:08'),(55,4,2,0.00,'2016-04-20 14:07:08'),(56,6,2,0.00,'2016-04-20 14:07:08'),(57,5,2,0.00,'2016-04-20 14:07:08'),(58,1,2,0.00,'2016-04-20 14:07:08'),(59,2,2,0.00,'2016-04-20 14:07:08'),(60,0,2,2.00,'2016-04-20 14:07:08'),(61,3,3,0.00,'2016-04-20 14:07:22'),(62,4,3,0.00,'2016-04-20 14:07:22'),(63,6,3,0.00,'2016-04-20 14:07:22'),(64,5,3,0.00,'2016-04-20 14:07:22'),(65,1,3,0.00,'2016-04-20 14:07:22'),(66,2,3,0.00,'2016-04-20 14:07:22'),(67,0,3,3.00,'2016-04-20 14:07:22');

/*Table structure for table `vehicleoptions` */

DROP TABLE IF EXISTS `vehicleoptions`;

CREATE TABLE `vehicleoptions` (
  `id` tinyint(3) unsigned NOT NULL AUTO_INCREMENT,
  `id_vehicle` int(10) unsigned NOT NULL,
  `id_option` int(10) unsigned NOT NULL,
  `show_in_result` tinyint(1) unsigned NOT NULL DEFAULT '0' COMMENT 'display in search list/result',
  `value` varchar(100) DEFAULT NULL,
  `created_at` datetime DEFAULT NULL,
  PRIMARY KEY (`id`)
) ENGINE=InnoDB AUTO_INCREMENT=8 DEFAULT CHARSET=latin1;

/*Data for the table `vehicleoptions` */

insert  into `vehicleoptions`(`id`,`id_vehicle`,`id_option`,`show_in_result`,`value`,`created_at`) values (5,1,4,0,'12','2015-12-02 10:06:16'),(6,1,6,0,'dy','2015-12-02 10:06:16'),(7,1,3,0,'22','2015-12-02 10:06:16');

/*Table structure for table `vehicles` */

DROP TABLE IF EXISTS `vehicles`;

CREATE TABLE `vehicles` (
  `id` int(10) unsigned NOT NULL AUTO_INCREMENT,
  `id_vehicletype` tinyint(3) unsigned NOT NULL DEFAULT '1',
  `vin_number` varchar(200) DEFAULT NULL COMMENT 'chassis',
  `plate_number` varchar(20) DEFAULT NULL,
  `title` varchar(100) DEFAULT NULL,
  `make` varchar(100) DEFAULT NULL,
  `model` varchar(100) DEFAULT NULL,
  `year` smallint(6) DEFAULT NULL,
  `transmission` tinyint(1) unsigned NOT NULL DEFAULT '1' COMMENT '0=automatic 1=manual',
  `seats` tinyint(4) DEFAULT NULL,
  `doors` tinyint(3) unsigned NOT NULL DEFAULT '2',
  `id_vehiclefueltype` tinyint(3) unsigned NOT NULL DEFAULT '0',
  `baggage_size` tinyint(3) unsigned NOT NULL DEFAULT '1' COMMENT 'bagage carries space',
  `airconditioning` tinyint(1) unsigned NOT NULL DEFAULT '1',
  `standard_price` double(8,2) DEFAULT NULL,
  `security_deposit` double(8,2) DEFAULT NULL,
  `description` varchar(500) DEFAULT NULL,
  `icon_image_path` varchar(500) DEFAULT NULL,
  `created_at` datetime DEFAULT NULL,
  `updated_at` datetime DEFAULT NULL,
  `active` tinyint(1) unsigned NOT NULL DEFAULT '1',
  `deleted` tinyint(1) unsigned NOT NULL DEFAULT '0',
  PRIMARY KEY (`id`)
) ENGINE=InnoDB AUTO_INCREMENT=7 DEFAULT CHARSET=latin1;

/*Data for the table `vehicles` */

insert  into `vehicles`(`id`,`id_vehicletype`,`vin_number`,`plate_number`,`title`,`make`,`model`,`year`,`transmission`,`seats`,`doors`,`id_vehiclefueltype`,`baggage_size`,`airconditioning`,`standard_price`,`security_deposit`,`description`,`icon_image_path`,`created_at`,`updated_at`,`active`,`deleted`) values (1,6,'K923049353290503245E','AA 909 BB','Mercedes Benz - E 320','Mercedes Benz','E 320',2015,1,5,4,1,2,0,39.00,99.00,'Mercedes Benz - E 320','xRwLn1454502155.jpg','2015-11-25 10:16:19','2016-04-10 23:37:04',1,0),(2,1,NULL,NULL,'Renault','Renault','Clio',2003,0,2,2,2,6,1,30.00,99.00,'','4EbQz1454509385.jpg','2015-11-25 10:16:19','2016-02-03 14:23:05',1,0),(3,1,NULL,NULL,'BMW X5','BMW','X5',2008,1,4,2,1,3,1,45.00,99.00,'','DlmWb1454509397.jpg','2015-11-25 10:16:19','2016-02-03 14:23:17',1,0),(4,1,NULL,NULL,'Daimler AG','Daimler AG','Mustang',2004,0,5,4,1,4,1,56.00,99.00,'','lRpHI1454509412.jpg','2015-11-25 10:16:19','2016-02-03 14:23:32',1,0),(5,1,NULL,NULL,'Ford Fiesta','Ford','Fiesta',2002,0,5,2,2,6,1,25.00,99.00,'','Df0Dq1454509432.jpg','2015-11-25 10:16:19','2016-02-03 15:12:57',1,0),(6,1,NULL,NULL,'Fiat Punto','Fiat','Punto',2002,0,5,4,1,255,1,40.00,99.00,'','cmlCk1454509452.jpg','2015-12-17 16:52:33','2016-02-03 14:24:12',1,0);

/*Table structure for table `vehicleseasonalprices` */

DROP TABLE IF EXISTS `vehicleseasonalprices`;

CREATE TABLE `vehicleseasonalprices` (
  `id` int(10) unsigned NOT NULL AUTO_INCREMENT,
  `id_vehicle` int(11) unsigned DEFAULT NULL,
  `name` varchar(100) DEFAULT NULL,
  `start_season_month` char(2) DEFAULT NULL,
  `start_season_day` char(2) DEFAULT NULL,
  `end_season_month` char(2) DEFAULT NULL,
  `end_season_day` char(2) DEFAULT NULL,
  `price` double(8,2) DEFAULT NULL,
  `created_at` datetime DEFAULT NULL,
  `deleted` tinyint(1) unsigned NOT NULL DEFAULT '0',
  PRIMARY KEY (`id`)
) ENGINE=InnoDB AUTO_INCREMENT=5 DEFAULT CHARSET=latin1;

/*Data for the table `vehicleseasonalprices` */

insert  into `vehicleseasonalprices`(`id`,`id_vehicle`,`name`,`start_season_month`,`start_season_day`,`end_season_month`,`end_season_day`,`price`,`created_at`,`deleted`) values (1,1,'Autumn/Fall','11','01','11','30',45.00,'2015-12-09 11:35:00',0),(3,1,'Winter','12','01','12','20',55.00,'2015-12-09 11:35:00',0),(4,1,'Summer','05','15','08','31',60.00,NULL,0);

/*Table structure for table `vehicletypes` */

DROP TABLE IF EXISTS `vehicletypes`;

CREATE TABLE `vehicletypes` (
  `id` tinyint(3) unsigned NOT NULL AUTO_INCREMENT,
  `name` varchar(50) DEFAULT NULL,
  `size` char(2) NOT NULL DEFAULT 'SM' COMMENT 'sm=sedan/coupe md=minivan/SUV lg=van/truck',
  `deleted` tinyint(1) unsigned NOT NULL DEFAULT '0',
  PRIMARY KEY (`id`)
) ENGINE=InnoDB AUTO_INCREMENT=13 DEFAULT CHARSET=latin1;

/*Data for the table `vehicletypes` */

insert  into `vehicletypes`(`id`,`name`,`size`,`deleted`) values (1,'Mini','SM',0),(2,'Economy','SM',0),(3,'Compact','SM',0),(4,'Midsize','MD',0),(5,'Standard','MD',0),(6,'Premium','MD',0),(7,'Luxury','MD',0),(8,'Sports Car','MD',0),(9,'Minivan','LG',0),(10,'SUV','LG',0),(11,'Van','LG',0),(12,'Pickup','LG',0);

/*!40101 SET SQL_MODE=@OLD_SQL_MODE */;
/*!40014 SET FOREIGN_KEY_CHECKS=@OLD_FOREIGN_KEY_CHECKS */;
/*!40014 SET UNIQUE_CHECKS=@OLD_UNIQUE_CHECKS */;
/*!40111 SET SQL_NOTES=@OLD_SQL_NOTES */;
